Team,Streak Length,Start Year,End Year
2056,23,2007,2016
254,15,2013,ACTIVE
1678,15,2015,ACTIVE
118,13,2012,2017
3310,9,2015,ACTIVE
1114,9,2009,2012
2168,9,2017,ACTIVE
359,8,2014,2016
1986,8,2011,2015
469,8,2011,2014
217,7,2009,2011
330,7,2016,ACTIVE
1983,6,2014,2016
33,6,2014,2017
5687,6,2018,ACTIVE
118,6,2018,ACTIVE
1796,6,2018,ACTIVE
67,6,2008,2011
195,6,2017,ACTIVE
987,5,2011,2013
359,5,2010,2011
987,5,2015,2017
225,5,2014,2017
25,5,2017,2019
341,5,2012,2013
4613,5,2017,2018
302,5,2017,2019
1023,5,2014,2016
2910,5,2018,ACTIVE
1519,5,2015,2017
1305,5,2017,ACTIVE
1676,5,2010,2012
2642,5,2016,2019
2054,5,2013,2015
1114,5,2007,2009
1717,5,2012,2014
254,5,1999,2002
2481,5,2017,2019
2481,5,2014,2017
2590,5,2015,2016
67,5,2014,2017
4488,5,2014,2016
842,4,2011,2015
973,4,2017,2019
1323,4,2018,ACTIVE
1318,4,2014,2016
1114,4,2005,2007
346,4,2018,ACTIVE
2451,4,2016,2017
359,4,2012,2013
1574,4,2005,2009
148,4,2012,2013
148,4,2010,2012
343,4,2001,2003
1114,4,2014,2016
69,4,2004,2006
5883,4,2018,ACTIVE
2363,4,2014,2016
2974,4,2016,2018
2767,4,2017,2019
2834,4,2015,2017
2052,4,2013,2015
1058,4,2016,2017
1024,4,2015,2017
111,4,2005,2007
180,4,2016,2018
233,4,2011,2013
33,4,2018,ACTIVE
624,4,2018,2019
254,4,2007,2009
254,4,2010,2012
2471,4,2012,2014
525,4,2012,2014
1983,4,2012,2014
525,4,2015,2017
610,4,2016,2018
33,4,2013,2014
195,4,2015,2017
395,4,2005,2007
1086,4,2008,2011
910,4,2016,2018
3538,3,2019,ACTIVE
5927,3,2018,ACTIVE
1625,3,2008,2010
1619,3,2018,ACTIVE
1885,3,2017,2018
3357,3,2018,2019
2046,3,2017,2018
2415,3,2011,2012
4910,3,2017,2019
3538,3,2017,2018
125,3,2014,2015
987,3,2018,ACTIVE
303,3,2018,2019
3925,3,2016,2018
4917,3,2017,2019
1986,3,2015,2016
1918,3,2011,2012
78,3,2019,ACTIVE
2451,3,2018,2019
71,3,2005,2006
1574,3,2017,2018
71,3,2001,2002
1806,3,2008,2009
3604,3,2015,2017
230,3,2015,2016
3467,3,2013,2015
1023,3,2011,2013
67,3,2012,2013
2471,3,2017,2019
2474,3,2012,2014
2974,3,2018,ACTIVE
254,3,2003,2005
233,3,2008,2009
4939,3,2017,2018
233,3,2015,2016
247,3,2006,2008
1024,3,2008,2009
60,3,2001,2003
4039,3,2017,2018
359,3,2019,ACTIVE
1114,3,2013,2014
1114,3,2017,2018
935,3,2005,2008
47,3,1998,1999
1503,3,2006,2007
148,3,2015,2016
624,3,2015,2016
2337,3,2011,2012
610,3,2014,2015
39,3,2008,2010
359,3,2018,2019
2283,3,2014,2016
4063,3,2016,2017
3647,3,2019,ACTIVE
1425,3,2017,2019
16,3,2012,2013
314,3,2015,2016
16,3,2016,2017
3707,3,2018,ACTIVE
3478,3,2019,ACTIVE
20,3,2013,2015
25,3,2006,2007
1477,3,2011,2012
1477,3,2008,2009
180,3,2013,2015
2231,3,2017,2018
340,3,2017,2019
330,3,2010,2011
2052,3,2018,ACTIVE
316,3,2013,2015
1218,3,2015,2016
1218,3,2011,2012
179,3,2017,2019
48,3,2019,ACTIVE
2056,3,2018,ACTIVE
133,3,2018,2019
5803,3,2016,2017
4513,3,2018,2019
1771,3,2009,2012
1156,3,2017,2019
135,3,2014,2015
2590,3,2012,2013
181,2,2012,2013
1717,2,2008,2009
1165,2,2008,2010
236,2,2003,2004
1640,2,2011,2012
5515,2,2018,ACTIVE
1629,2,2014,2015
639,2,2013,2014
623,2,2014,2016
2826,2,2015,2016
549,2,2001,2003
234,2,2015,2016
624,2,2011,2012
3452,2,2017,2018
5172,2,2019,ACTIVE
234,2,2007,2008
2832,2,2016,2017
5563,2,2016,2017
1718,2,2013,2014
639,2,2004,2005
2830,2,2018,2019
1718,2,2019,ACTIVE
548,2,2015,2016
5172,2,2017,2018
1648,2,2018,2019
1640,2,2019,2019
1678,2,2011,2012
558,2,2016,2017
217,2,2005,2006
3357,2,2016,2017
2791,2,2019,ACTIVE
217,2,2008,2008
1678,2,2014,2014
2789,2,2013,2014
1657,2,2006,2008
4265,2,2013,2015
4253,2,2018,2019
2771,2,2016,2017
1251,2,2006,2007
225,2,2018,2019
1676,2,2015,2016
1657,2,2009,2011
2811,2,2018,2019
1241,2,2016,2017
4188,2,2015,2016
5199,2,2019,ACTIVE
2655,2,2016,2017
1188,2,2015,2016
1710,2,2017,2018
231,2,2005,2007
2655,2,2019,ACTIVE
558,2,2014,2015
1690,2,2011,2013
5505,2,2017,2018
612,2,2019,ACTIVE
195,2,2011,2012
610,2,2012,2013
1690,2,2015,2017
2815,2,2011,2012
701,2,2013,2014
1261,2,2016,2017
3339,2,2018,2019
4654,2,2015,2016
3245,2,2012,2013
1332,2,2009,2010
360,2,2011,2012
359,2,2017,2017
359,2,2001,2003
4719,2,2014,ACTIVE
353,2,2000,2002
4451,2,2019,ACTIVE
1503,2,2011,2012
469,2,2002,2003
1319,2,2007,2008
4775,2,2019,ACTIVE
469,2,2007,2008
469,2,2010,2011
341,2,2010,2011
341,2,2008,2009
1507,2,2012,2013
469,2,2015,2016
340,2,2003,2005
4414,2,2019,ACTIVE
476,2,2007,2008
4405,2,2015,2016
330,2,2015,2016
492,2,2004,2006
330,2,2007,2008
1359,2,2017,2018
364,2,2019,ACTIVE
4391,2,2017,2018
1360,2,2018,2019
1418,2,2016,2017
4539,2,2018,2019
1421,2,2009,2010
388,2,2003,2005
4500,2,2014,2015
4561,2,2018,2019
384,2,2017,2018
384,2,2014,2016
384,2,2003,2004
1425,2,2014,2015
383,2,2001,2003
1425,2,2016,2017
4587,2,2016,2017
379,2,2013,2014
3158,2,2017,2018
375,2,2011,2013
375,2,2005,2006
3140,2,2017,2018
368,2,2010,2012
440,2,2008,2009
3132,2,2017,2018
4635,2,2018,2019
3130,2,2016,2017
3130,2,2015,2016
447,2,2014,2015
492,2,2012,2014
329,2,2013,2014
1625,2,2014,2015
1262,2,2012,2014
1577,2,2018,2019
525,2,2011,2012
269,2,2004,2005
4334,2,2014,2015
5053,2,2017,2018
1592,2,2012,2013
254,2,2006,2007
254,2,2005,2006
1595,2,2017,2018
1261,2,2005,2007
537,2,2005,2006
4320,2,2017,2018
1610,2,2013,2014
1259,2,2018,2019
1610,2,2017,2018
245,2,2018,2018
3324,2,2019,ACTIVE
1619,2,2015,2016
1254,2,2009,2010
1619,2,2017,2018
245,2,2005,2005
245,2,2003,2004
5115,2,2017,2018
3339,2,2015,2017
238,2,2017,2018
4334,2,2016,2017
1262,2,2018,2019
3015,2,2018,2019
1574,2,2014,2016
3015,2,2017,2018
1519,2,2018,2019
319,2,2018,2019
319,2,2016,2016
316,2,2001,2002
314,2,2014,2014
3010,2,2010,2012
3008,2,2013,2014
312,2,2000,2002
1533,2,2018,2019
1305,2,2005,2006
303,2,2017,2017
1538,2,2017,2018
303,2,2011,2012
494,2,2017,2018
2990,2,2019,ACTIVE
2990,2,2010,2011
293,2,2000,2001
503,2,2006,2007
2960,2,2017,2017
1279,2,2005,2007
4990,2,2017,2018
281,2,2004,2005
5012,2,2015,2016
2930,2,2019,ACTIVE
3461,2,2016,2017
177,2,2014,2015
6401,2,2018,2019
111,2,2019,ACTIVE
904,2,2017,2018
1918,2,2009,2010
1918,2,2015,2016
1918,2,2018,2019
904,2,2013,2014
88,2,2018,2018
3770,2,2017,2018
2478,2,2018,2019
45,2,2016,2017
6140,2,2018,2019
86,2,2007,2009
3784,2,2011,2013
3602,2,2014,2015
85,2,2001,2002
3786,2,2016,2017
3789,2,2014,2015
2471,2,2011,2012
79,2,2013,2014
2468,2,2019,ACTIVE
2468,2,2016,2017
1983,2,2008,2009
1025,2,2017,2018
2502,2,2015,2016
3990,2,2012,2014
2056,2,2016,2017
111,2,2011,2012
111,2,2008,2009
768,2,2011,2012
33,2,2001,2002
107,2,2014,2014
5985,2,2018,2019
2137,2,2011,2012
910,2,2014,2015
3750,2,2019,ACTIVE
2122,2,2018,2019
2509,2,2017,2018
34,2,2003,2004
2122,2,2017,2018
2522,2,2015,2016
40,2,2008,2009
2122,2,2015,2016
3990,2,2016,2017
1884,2,2014,2016
7153,2,2018,2019
2337,2,2014,2014
1983,2,2018,2018
6328,2,2019,ACTIVE
2468,2,2015,2016
3847,2,2018,2019
67,2,2005,2005
2016,2,2010,2011
2415,2,2009,2010
6569,2,2019,ACTIVE
997,2,2007,2008
862,2,2013,2014
66,2,2005,2006
2046,2,2012,2013
2403,2,2018,2019
2046,2,2019,ACTIVE
56,2,2009,2010
2052,2,2016,2017
6729,2,2018,2019
3834,2,2019,ACTIVE
2377,2,2011,2012
868,2,2013,2014
2054,2,2011,2012
868,2,2016,2017
868,2,2018,2019
2054,2,2018,2019
2059,2,2018,2018
6882,2,2019,ACTIVE
836,2,2016,2017
69,2,2001,2003
74,2,2017,2018
71,2,1999,2000
179,2,2005,2006
2451,2,2014,2015
48,2,2012,2012
48,2,2017,2017
842,2,2018,2019
3937,2,2014,2015
870,2,2019,ACTIVE
2062,2,2015,2016
3620,2,2014,2015
3824,2,2013,2014
870,2,2005,2007
3824,2,2015,2016
2010,2,2008,2009
852,2,2003,2005
3824,2,2016,2017
56,2,2001,2002
67,2,2018,2019
6907,2,2018,ACTIVE
111,2,2012,2013
103,2,2017,2018
5926,2,2016,2017
971,2,2009,2011
3656,2,2018,2019
2175,2,2013,2014
2607,2,2015,2016
5712,2,2015,2016
148,2,2019,ACTIVE
1114,2,2019,ACTIVE
148,2,2014,2015
16,2,2004,2005
971,2,2012,2013
971,2,2014,2015
16,2,2010,2011
4003,2,2018,2019
16,2,2014,2015
16,2,2018,2019
2590,2,2018,2019
2586,2,2013,2014
5803,2,2018,2019
2169,2,2013,2014
1126,2,2003,2005
1746,2,2016,2017
11,2,2013,2013
5687,2,2015,2016
4125,2,2013,2014
5,2,2004,2004
662,2,2003,2005
5624,2,2016,2017
2619,2,2016,2017
1731,2,2018,2019
1732,2,2010,2011
1732,2,2013,2014
1732,2,2017,2018
175,2,2008,2009
175,2,2001,2002
3478,2,2017,2018
174,2,2009,2011
2185,2,2009,2010
2614,2,2018,2018
5675,2,2017,2018
3683,2,2019,ACTIVE
20,2,2008,2009
6829,2,2019,ACTIVE
20,2,2019,ACTIVE
125,2,2019,ACTIVE
122,2,2004,2005
27,2,1999,2000
123,2,2007,2008
121,2,2008,2009
1086,2,2016,2017
1806,2,2013,2014
118,2,2011,2012
1806,2,2016,2017
25,2,2010,2011
125,2,2015,2016
7457,2,2019,ACTIVE
118,2,2005,2006
753,2,2002,2004
971,2,2019,ACTIVE
27,2,2018,2019
2137,2,2015,2015
3711,2,2011,2012
3536,2,2018,2019
115,2,2008,2009
4039,2,2015,2016
1786,2,2015,2016
3280,1,2013,2014
3661,1,2016,2016
3205,1,2012,2013
3276,1,2018,2018
3277,1,2017,2018
3223,1,2017,2017
3667,1,2014,2014
3663,1,2016,2016
3219,1,2017,2017
3624,1,2019,ACTIVE
3648,1,2017,2018
3211,1,2017,2017
3661,1,2019,ACTIVE
3663,1,2015,2016
3282,1,2019,ACTIVE
3245,1,2016,2017
3278,1,2011,2012
3653,1,2017,2017
3245,1,2013,2014
3653,1,2018,2018
3255,1,2012,2013
3274,1,2019,ACTIVE
3654,1,2019,2019
3259,1,2012,2013
3646,1,2018,2019
3260,1,2014,2015
3237,1,2014,2014
3641,1,2013,2014
3238,1,2014,2015
3642,1,2011,2012
3230,1,2010,2011
3655,1,2018,2018
3238,1,2016,2016
3238,1,2017,2018
3641,1,2018,2018
3641,1,2019,2019
3239,1,2011,2012
3256,1,2010,2011
3636,1,2019,ACTIVE
3630,1,2019,2019
3255,1,2017,2018
3255,1,2015,2016
3240,1,2019,2019
3656,1,2012,2013
3627,1,2012,2013
3244,1,2013,2014
3656,1,2013,2014
3654,1,2017,2017
3230,1,2016,2017
3266,1,2015,2015
3660,1,2014,2015
3274,1,2018,2018
3239,1,2013,2014
3230,1,2012,2013
3234,1,2012,2012
3464,1,2015,2015
3623,1,2018,2018
3284,1,2010,2011
3386,1,2017,2018
3364,1,2010,ACTIVE
3494,1,2011,2011
3494,1,2017,2017
3360,1,2015,2016
3494,1,2019,2019
3506,1,2011,2012
3506,1,2016,2016
3509,1,2012,2012
3512,1,2012,2012
3360,1,2014,2015
3512,1,2018,2019
3526,1,2018,2018
3359,1,2016,2017
3527,1,2016,2017
3357,1,2017,2017
3528,1,2012,2013
3530,1,2012,2013
3533,1,2016,2017
3534,1,2016,2017
3535,1,2016,2017
3357,1,2011,2011
3357,1,2010,2011
3352,1,2016,2017
3538,1,2016,2017
3386,1,2019,ACTIVE
3387,1,2013,2014
3393,1,2011,2012
3481,1,2011,2012
3473,1,2011,2013
3196,1,2017,2017
3473,1,2018,2019
3476,1,2012,2013
3458,1,2019,2019
3476,1,2016,2017
3452,1,2019,ACTIVE
3476,1,2019,ACTIVE
3452,1,2015,2016
3419,1,2017,2018
3480,1,2014,2015
3481,1,2018,2019
3397,1,2011,2012
3419,1,2015,2016
3489,1,2013,2014
3419,1,2012,2012
3490,1,2016,2017
3414,1,2019,ACTIVE
3414,1,2017,2018
3492,1,2011,2012
3492,1,2015,2016
3414,1,2013,2014
3405,1,2010,2011
3397,1,2018,2018
3539,1,2011,2011
3542,1,2019,2019
3352,1,2010,2011
3309,1,2018,2019
3609,1,2013,2013
3612,1,2013,2014
3314,1,2013,2014
3313,1,2014,2015
3616,1,2014,2015
3616,1,2017,2018
3310,1,2014,2015
3310,1,2013,2014
3617,1,2011,2012
3310,1,2012,2013
3617,1,2012,2013
3309,1,2017,2018
3602,1,2016,2017
3620,1,2011,2011
3309,1,2016,2017
3309,1,2015,2016
3301,1,2014,2014
3284,1,2017,2018
3284,1,2014,2015
3284,1,2013,2013
3620,1,2016,2016
3620,1,2017,2017
3623,1,2017,2017
3284,1,2011,2012
3604,1,2018,2019
3314,1,2018,2019
3546,1,2012,2012
3548,1,2016,2016
3351,1,2011,2012
3546,1,2014,2015
3340,1,2015,2016
3340,1,2013,2013
3546,1,2016,2017
3546,1,2019,2019
3547,1,2013,2013
3548,1,2011,2012
3337,1,2011,2012
3329,1,2016,2017
3548,1,2014,2015
3550,1,2018,2019
3316,1,2014,2015
3560,1,2016,2017
3323,1,2014,2014
3560,1,2017,2018
3562,1,2015,2015
3572,1,2019,ACTIVE
3322,1,2012,2013
3574,1,2019,2019
3575,1,2018,2018
3586,1,2015,2016
3588,1,2014,2015
3316,1,2018,2019
3204,1,2010,2011
2926,1,2019,2019
3193,1,2015,2015
2534,1,2010,2011
2518,1,2008,2009
2522,1,2014,2014
2522,1,2016,2016
2523,1,2015,2016
2523,1,2019,2019
2526,1,2015,2015
2530,1,2015,2016
2534,1,2016,2017
2512,1,2012,2013
2534,1,2017,2018
2537,1,2016,2017
2543,1,2009,2009
2543,1,2014,2015
2543,1,2017,2018
2549,1,2008,2009
2549,1,2009,2010
2512,1,2013,2014
2512,1,2011,2011
2549,1,2019,ACTIVE
2485,1,2014,2015
2471,1,2016,2017
2473,1,2009,2010
2474,1,2011,2012
2474,1,2019,2019
2478,1,2014,2015
2483,1,2008,2009
2485,1,2013,2014
2486,1,2014,2014
2506,1,2010,2011
2486,1,2016,2016
2487,1,2008,2009
2489,1,2013,2013
2491,1,2015,2016
2495,1,2013,2014
2501,1,2018,2018
2502,1,2014,2014
2549,1,2011,2012
2550,1,2015,2015
2468,1,2017,2017
2614,1,2012,2012
2607,1,2014,2014
2607,1,2017,2017
2607,1,2018,2018
2609,1,2009,2010
2612,1,2017,2017
2613,1,2015,2016
2614,1,2008,2009
2614,1,2014,2015
2604,1,2008,2009
2614,1,2015,2016
2614,1,2019,ACTIVE
2619,1,2009,2010
2619,1,2015,2016
2620,1,2012,2013
2621,1,2009,2010
2630,1,2010,2011
2607,1,2011,2012
2601,1,2017,2017
2550,1,2017,2017
2575,1,2008,ACTIVE
2556,1,2018,2019
2556,1,2019,ACTIVE
2557,1,2010,2011
2557,1,2012,2013
2559,1,2012,2012
2559,1,2014,2015
2574,1,2010,2011
2576,1,2017,2018
2600,1,2018,2019
2577,1,2014,2014
2577,1,2019,2019
2584,1,2018,2019
2585,1,2014,2015
2587,1,2009,2010
2590,1,2014,2014
2590,1,2019,ACTIVE
2470,1,2009,2010
2468,1,2014,2014
2634,1,2016,2017
2337,1,2015,2015
2252,1,2017,2018
2259,1,2013,2014
2265,1,2010,2011
2265,1,2019,ACTIVE
2274,1,2007,2008
2283,1,2018,2019
2337,1,2010,2011
2337,1,2018,2019
2252,1,2010,2011
2337,1,2019,ACTIVE
2338,1,2013,2013
2339,1,2015,2016
2344,1,2009,2009
2344,1,2015,2016
2345,1,2010,2011
2348,1,2009,2010
2252,1,2013,2014
2247,1,2008,ACTIVE
2354,1,2008,2009
2220,1,2015,2015
2198,1,2014,2015
2200,1,2012,2013
2200,1,2019,2019
2202,1,2014,2015
2202,1,2016,2017
2212,1,2019,ACTIVE
2214,1,2009,2010
2220,1,2016,2016
2243,1,2007,2008
2220,1,2017,2017
2224,1,2019,ACTIVE
2225,1,2018,2019
2227,1,2014,2015
2230,1,2009,2010
2230,1,2017,2017
2234,1,2018,2019
2352,1,2018,2019
2354,1,2009,2010
2468,1,2013,2014
2439,1,2012,2013
2410,1,2017,2018
2415,1,2015,2015
2415,1,2017,2017
2415,1,2019,ACTIVE
2421,1,2016,2016
2424,1,2014,2015
2438,1,2016,2017
2439,1,2013,2014
2408,1,2013,2014
2439,1,2016,2017
2443,1,2009,2010
2444,1,2014,2015
2445,1,2016,2017
2454,1,2008,2009
2457,1,2013,2014
2467,1,2010,2011
2410,1,2010,2011
2405,1,2015,2016
2357,1,2019,ACTIVE
2377,1,2010,2011
2363,1,2011,2011
2363,1,2017,2018
2363,1,2019,2019
2367,1,2018,2019
2370,1,2011,2012
2370,1,2017,2017
2370,1,2019,ACTIVE
2383,1,2015,2015
2403,1,2014,2014
2383,1,2018,2018
2386,1,2013,2014
2386,1,2017,2018
2389,1,2013,2014
2395,1,2012,2013
2403,1,2010,2011
2403,1,2012,2012
2630,1,2013,2013
2635,1,2009,2010
3191,1,2014,ACTIVE
3035,1,2019,2019
3018,1,2012,2012
3018,1,2014,2014
3018,1,2016,2017
3021,1,2016,2016
3024,1,2017,2018
3026,1,2019,ACTIVE
3034,1,2019,ACTIVE
3037,1,2011,2012
3015,1,2012,2013
3038,1,2010,2011
3039,1,2015,2016
3039,1,2019,2019
3042,1,2014,2015
3042,1,2016,2017
3044,1,2013,2014
3049,1,2015,2015
3015,1,2015,2016
3006,1,2017,2018
3061,1,2013,2013
2976,1,2016,2016
2959,1,2013,2013
2959,1,2016,2016
2960,1,2010,2010
2970,1,2009,ACTIVE
2972,1,2011,2012
2974,1,2011,2012
2974,1,2015,2015
2984,1,2011,2012
3005,1,2018,2019
2990,1,2017,2017
2992,1,2010,2011
2992,1,2019,2019
2996,1,2009,2010
2996,1,2012,2013
2996,1,2014,2014
3003,1,2013,2013
3059,1,2010,2010
3065,1,2014,2015
2930,1,2017,2018
3167,1,2017,ACTIVE
3138,1,2011,2012
3145,1,2018,2019
3146,1,2015,2015
3147,1,2014,2015
3158,1,2016,2016
3160,1,2011,2012
3166,1,2016,2017
3171,1,2013,2014
3137,1,2013,2013
3171,1,2015,2016
3175,1,2012,2013
3175,1,2016,2017
3175,1,2017,2018
3184,1,2015,2016
3189,1,2012,2012
3189,1,2013,2014
3137,1,2015,2016
3132,1,2016,2016
3075,1,2017,2017
3098,1,2009,2009
3075,1,2018,2018
3075,1,2019,2019
3081,1,2012,2013
3082,1,2019,ACTIVE
3091,1,2017,2018
3095,1,2009,ACTIVE
3096,1,2011,2011
3098,1,2014,2015
3130,1,2017,2018
3098,1,2015,2016
3098,1,2018,2018
3102,1,2016,2017
3102,1,2019,2019
3119,1,2009,2010
3123,1,2010,2010
3123,1,2013,2013
2935,1,2016,2017
2928,1,2017,2018
2635,1,2015,2016
2702,1,2011,2011
2660,1,2011,2012
2662,1,2011,2012
2665,1,2014,2015
2667,1,2010,2011
2669,1,2010,ACTIVE
2676,1,2013,2014
2676,1,2018,2019
2709,1,2013,2014
2659,1,2018,2018
2710,1,2019,ACTIVE
2714,1,2019,ACTIVE
2729,1,2013,2014
2751,1,2011,2012
2753,1,2009,2009
2761,1,2010,2011
2761,1,2015,2016
2659,1,2019,2019
2659,1,2009,2010
2767,1,2016,2016
2642,1,2012,2013
2637,1,2017,2018
2637,1,2019,ACTIVE
2638,1,2009,2010
2638,1,2013,2014
2638,1,2019,ACTIVE
2640,1,2012,2013
2640,1,2019,ACTIVE
2643,1,2019,2019
2658,1,2018,2019
2645,1,2009,2009
2645,1,2010,2010
2648,1,2013,2014
2648,1,2017,2018
2655,1,2009,2010
2655,1,2018,2019
2657,1,2019,2019
2767,1,2012,2013
2775,1,2010,2011
2928,1,2016,2017
2907,1,2014,2014
2851,1,2012,2012
2851,1,2013,2013
2852,1,2015,2015
2877,1,2014,2014
2883,1,2016,2016
2896,1,2017,2018
2903,1,2014,2014
2907,1,2018,2018
2848,1,2017,2018
2912,1,2016,2016
2914,1,2012,2013
2915,1,2015,2015
2923,1,2014,2014
3673,1,2019,ACTIVE
2928,1,2012,2012
2928,1,2014,2014
2849,1,2019,2019
2848,1,2016,2017
2789,1,2018,2019
2826,1,2012,2013
2791,1,2017,2017
2791,1,2018,2018
2811,1,2014,2015
2811,1,2016,2016
2815,1,2012,2013
2826,1,2009,2010
2826,1,2011,2011
2826,1,2018,2019
2848,1,2011,2012
2826,1,2019,ACTIVE
2830,1,2015,2016
2832,1,2019,ACTIVE
2834,1,2013,2014
2839,1,2017,2018
2840,1,2018,2019
2844,1,2012,2013
3667,1,2019,2019
1,1,2001,2001
3674,1,2014,2014
5509,1,2018,2019
5594,1,2016,2016
5596,1,2017,2017
5601,1,2015,2016
5603,1,2018,2019
5610,1,2016,2017
5618,1,2016,2017
5623,1,2017,2018
5633,1,2016,2017
5648,1,2017,2018
5651,1,2016,2017
5654,1,2015,2016
5654,1,2019,ACTIVE
5661,1,2017,2018
5663,1,2018,2019
5672,1,2019,2019
5675,1,2015,2015
5679,1,2017,2018
5684,1,2019,2019
5686,1,2016,2016
5584,1,2019,ACTIVE
5577,1,2017,2018
5567,1,2019,2019
5528,1,2017,2018
5511,1,2016,2016
5511,1,2017,2018
5511,1,2019,2019
5518,1,2016,2017
5524,1,2015,2015
5526,1,2017,2017
5526,1,2019,2019
5528,1,2015,2016
5530,1,2019,2019
5567,1,2017,2017
5544,1,2017,2018
5546,1,2016,2016
5547,1,2017,2018
5553,1,2017,2018
5555,1,2019,2019
5556,1,2017,2017
5560,1,2018,2019
5562,1,2019,ACTIVE
5687,1,2017,2017
5690,1,2017,2018
5690,1,2019,2019
5872,1,2019,ACTIVE
5827,1,2018,2019
5828,1,2017,2018
5842,1,2017,2018
5842,1,2019,ACTIVE
5848,1,2018,2018
5849,1,2018,2019
5853,1,2019,ACTIVE
5855,1,2016,2017
5878,1,2018,2019
5812,1,2016,ACTIVE
5885,1,2018,2019
5887,1,2019,2019
5891,1,2017,2018
5892,1,2019,2019
5895,1,2016,2017
5895,1,2017,2018
5907,1,2016,2016
5907,1,2018,2018
5818,1,2018,2019
5805,1,2018,2018
5692,1,2015,2015
5726,1,2016,2017
5692,1,2016,2016
5696,1,2015,2016
5696,1,2017,2018
5700,1,2019,2019
5716,1,2018,2019
5719,1,2015,2016
5724,1,2018,2018
5724,1,2019,2019
5726,1,2018,2019
5804,1,2016,2016
5735,1,2019,2019
5762,1,2018,2019
5779,1,2015,ACTIVE
5784,1,2015,2015
5801,1,2017,2017
5801,1,2019,ACTIVE
5802,1,2018,2018
5803,1,2019,2019
5509,1,2019,2019
5505,1,2018,2019
5053,1,2016,2016
5505,1,2016,2016
5124,1,2014,2015
5124,1,2017,2018
5125,1,2014,2015
5126,1,2019,2019
5129,1,2014,2015
5129,1,2018,2018
5135,1,2019,2019
5150,1,2019,2019
5152,1,2019,ACTIVE
5155,1,2016,2017
5166,1,2014,2015
5166,1,2016,2016
5172,1,2016,2017
5173,1,2019,2019
5188,1,2014,2015
5190,1,2017,2018
5190,1,2019,ACTIVE
5193,1,2014,2015
5197,1,2018,2019
5122,1,2018,ACTIVE
5118,1,2015,2016
5115,1,2016,2017
5076,1,2014,2014
5059,1,2015,2016
5059,1,2019,ACTIVE
5066,1,2017,2017
5067,1,2018,2019
5068,1,2016,ACTIVE
5069,1,2016,2016
5069,1,2017,2018
5074,1,2016,2016
5081,1,2014,2014
5114,1,2018,2018
5084,1,2016,2016
5084,1,2018,2019
5085,1,2019,2019
5086,1,2017,2017
5098,1,2016,2017
5098,1,2018,2018
5109,1,2018,2019
5113,1,2015,2016
5198,1,2017,2017
5203,1,2016,2016
5204,1,2017,2017
5468,1,2016,2017
5434,1,2018,2019
5442,1,2017,2018
5450,1,2016,2016
5453,1,2018,2018
5458,1,2015,2016
5460,1,2017,2018
5462,1,2016,2017
5467,1,2018,2018
5468,1,2018,2019
5420,1,2017,2018
5472,1,2018,2018
5484,1,2017,2017
5484,1,2019,2019
5499,1,2017,2018
5499,1,2019,ACTIVE
5501,1,2015,2016
5501,1,2017,2018
5502,1,2016,2017
5431,1,2019,2019
5417,1,2017,2017
5205,1,2019,2019
5288,1,2014,2015
5215,1,2017,2017
5222,1,2016,2016
5232,1,2016,2017
5247,1,2018,2018
5248,1,2014,2014
5265,1,2015,2015
5274,1,2016,2017
5279,1,2016,2017
5320,1,2014,2015
5407,1,2016,2016
5344,1,2018,2019
5401,1,2019,2019
5404,1,2019,2019
5406,1,2016,2016
5406,1,2017,2017
5406,1,2018,2018
5406,1,2019,2019
5407,1,2015,2015
5907,1,2019,ACTIVE
5908,1,2017,2018
5913,1,2018,2019
5915,1,2018,2019
6878,1,2018,2018
6911,1,2019,ACTIVE
6919,1,2019,2019
6925,1,2018,2019
6934,1,2019,ACTIVE
6941,1,2018,2019
6943,1,2019,ACTIVE
6945,1,2018,2019
6963,1,2019,2019
6987,1,2018,2019
6995,1,2019,ACTIVE
7021,1,2018,2018
7048,1,2019,2019
7058,1,2018,2018
7072,1,2019,ACTIVE
7081,1,2018,ACTIVE
7084,1,2019,ACTIVE
7088,1,2019,ACTIVE
7108,1,2019,ACTIVE
6875,1,2018,2019
6869,1,2018,2019
6864,1,2018,2018
6731,1,2017,2018
6618,1,2017,2017
6645,1,2018,2019
6672,1,2019,ACTIVE
6691,1,2019,ACTIVE
6702,1,2018,2019
6705,1,2018,2018
6705,1,2019,2019
6729,1,2017,2017
6738,1,2017,2017
6841,1,2019,ACTIVE
6741,1,2018,2018
6753,1,2018,2019
6763,1,2017,2018
6803,1,2019,2019
6814,1,2019,ACTIVE
6823,1,2018,2019
6833,1,2019,ACTIVE
6838,1,2019,ACTIVE
7123,1,2018,2019
7128,1,2018,2019
7140,1,2018,ACTIVE
7708,1,2019,2019
7583,1,2019,ACTIVE
7599,1,2019,ACTIVE
7621,1,2019,ACTIVE
7651,1,2019,ACTIVE
7656,1,2019,2019
7660,1,2019,ACTIVE
7663,1,2019,2019
7691,1,2019,ACTIVE
7722,1,2019,ACTIVE
7520,1,2019,2019
7725,1,2019,ACTIVE
7741,1,2019,ACTIVE
7761,1,2019,ACTIVE
7796,1,2019,ACTIVE
7809,1,2019,ACTIVE
7855,1,2019,ACTIVE
7869,1,2019,ACTIVE
7883,1,2019,2019
7521,1,2019,ACTIVE
7501,1,2019,ACTIVE
7144,1,2018,2018
7226,1,2018,2019
7144,1,2019,2019
7173,1,2018,2019
7178,1,2018,2018
7192,1,2019,ACTIVE
7198,1,2018,2019
7209,1,2018,2019
7213,1,2018,2018
7218,1,2018,2019
7244,1,2019,ACTIVE
7499,1,2019,2019
7248,1,2018,2019
7256,1,2018,2019
7293,1,2018,2019
7416,1,2019,2019
7425,1,2019,ACTIVE
7480,1,2019,ACTIVE
7481,1,2019,ACTIVE
7498,1,2019,2019
6615,1,2018,2018
6613,1,2017,2018
6582,1,2017,2018
6101,1,2017,2017
6076,1,2018,2019
6077,1,2018,2019
6081,1,2019,2019
6085,1,2018,2019
6085,1,2019,ACTIVE
6090,1,2018,2018
6091,1,2018,2018
6093,1,2019,ACTIVE
6110,1,2018,2018
6070,1,2019,ACTIVE
6116,1,2016,2017
6116,1,2018,2019
6117,1,2018,2018
6120,1,2019,2019
6121,1,2018,2019
6128,1,2016,2017
6135,1,2018,2019
6141,1,2017,2018
6076,1,2017,2017
6070,1,2017,2017
6153,1,2016,2016
5990,1,2019,2019
5920,1,2017,2017
5931,1,2016,ACTIVE
5937,1,2017,2018
5952,1,2017,2017
5957,1,2017,2018
5969,1,2016,2017
5980,1,2017,2018
5987,1,2019,ACTIVE
5992,1,2018,2019
6055,1,2016,2017
5997,1,2018,2019
6002,1,2017,2018
6004,1,2017,2018
6025,1,2018,2019
6026,1,2017,2018
6026,1,2019,ACTIVE
6032,1,2018,2019
6035,1,2016,2017
6141,1,2019,ACTIVE
6161,1,2016,2016
6574,1,2019,ACTIVE
6465,1,2018,2018
6418,1,2019,ACTIVE
6424,1,2018,2018
6429,1,2018,2019
6443,1,2019,2019
6444,1,2019,ACTIVE
6445,1,2017,2018
6455,1,2019,ACTIVE
6461,1,2017,2018
6471,1,2018,2018
6411,1,2017,2018
6479,1,2019,ACTIVE
6481,1,2017,2017
6502,1,2018,2018
6523,1,2017,ACTIVE
6543,1,2019,ACTIVE
6547,1,2017,2018
6573,1,2019,2019
6574,1,2018,2018
6417,1,2017,2018
6391,1,2019,2019
6175,1,2016,2017
6327,1,2019,2019
6175,1,2018,2019
6203,1,2018,2018
6215,1,2018,2018
6220,1,2016,2017
6225,1,2017,2018
6226,1,2018,2019
6304,1,2019,ACTIVE
6324,1,2019,2019
6328,1,2017,2018
6390,1,2018,2019
6328,1,2018,2019
6340,1,2017,2018
6357,1,2017,2018
6361,1,2017,2018
6377,1,2018,2018
6377,1,2019,ACTIVE
6386,1,2019,ACTIVE
6388,1,2017,2018
5057,1,2016,2017
5053,1,2014,2014
3674,1,2015,2016
4039,1,2014,2015
4104,1,2019,ACTIVE
4110,1,2019,ACTIVE
4112,1,2019,2019
4118,1,2015,2016
4121,1,2016,2017
4124,1,2013,ACTIVE
4135,1,2017,2017
4143,1,2015,2016
4143,1,2017,2018
4145,1,2018,2019
4145,1,2019,ACTIVE
4146,1,2015,2015
4158,1,2013,2014
4161,1,2012,2013
4161,1,2014,2015
4173,1,2017,2017
4176,1,2018,2019
4183,1,2015,2016
4188,1,2017,2018
4103,1,2019,2019
4090,1,2012,2013
4087,1,2016,2017
4063,1,2017,2018
4050,1,2015,2016
4055,1,2019,ACTIVE
4060,1,2014,2015
4060,1,2019,2019
4061,1,2014,2014
4061,1,2015,2016
4061,1,2016,2017
4063,1,2013,2014
4068,1,2019,2019
4085,1,2017,2017
4069,1,2013,2013
2197,1,2015,2016
4073,1,2015,2015
4077,1,2014,2015
4077,1,2016,2017
4080,1,2013,2014
4082,1,2012,2013
4082,1,2016,2016
4189,1,2018,2018
4192,1,2019,2019
4205,1,2016,2017
4311,1,2018,2019
4291,1,2019,2019
4293,1,2018,2019
4294,1,2012,2012
4296,1,2014,2014
4296,1,2019,ACTIVE
4301,1,2016,2017
4304,1,2015,ACTIVE
4306,1,2018,2019
4320,1,2013,2014
4290,1,2016,2016
4325,1,2019,2019
4327,1,2012,2012
4327,1,2017,2017
4330,1,2016,2016
4334,1,2013,2014
4334,1,2017,2018
4338,1,2017,2018
4338,1,2019,2019
4290,1,2017,2017
4288,1,2014,2015
4206,1,2012,2013
4253,1,2017,2018
4206,1,2017,2017
4207,1,2017,2018
4215,1,2015,2016
4216,1,2016,2017
4218,1,2012,2013
4226,1,2012,2013
4242,1,2017,2018
4253,1,2015,2015
4256,1,2016,2017
4285,1,2019,ACTIVE
4256,1,2018,2018
4265,1,2018,2019
4265,1,2019,ACTIVE
4269,1,2014,2014
4272,1,2019,ACTIVE
4276,1,2013,2014
4285,1,2015,2015
4285,1,2017,2017
4043,1,2019,ACTIVE
4038,1,2014,2014
5047,1,2019,2019
4028,1,2019,ACTIVE
3770,1,2019,ACTIVE
3773,1,2014,2014
3792,1,2018,2019
3794,1,2014,2015
3799,1,2017,2018
3807,1,2012,2013
3826,1,2015,2015
3834,1,2017,2018
3843,1,2014,2015
3844,1,2018,2019
3853,1,2016,2017
3859,1,2019,ACTIVE
3865,1,2015,2015
3880,1,2011,2012
3880,1,2015,2015
3929,1,2012,2013
3929,1,2014,2015
3929,1,2017,2018
3931,1,2013,2013
3767,1,2018,2019
3756,1,2011,2012
3753,1,2013,2014
3707,1,2015,2015
3674,1,2019,2019
3680,1,2016,2017
3683,1,2016,2016
3683,1,2018,2018
3688,1,2016,2017
3688,1,2019,ACTIVE
3692,1,2014,2014
3704,1,2011,2012
3707,1,2016,2016
3748,1,2019,2019
3710,1,2015,2015
3711,1,2016,2016
3718,1,2015,2016
3728,1,2015,2016
3735,1,2016,2017
3737,1,2017,2017
3747,1,2011,2012
3747,1,2012,2013
3932,1,2014,2015
3932,1,2016,2017
3937,1,2015,2016
4003,1,2017,2017
3990,1,2019,ACTIVE
3991,1,2017,2017
3991,1,2019,ACTIVE
3996,1,2019,ACTIVE
4001,1,2012,2013
4001,1,2016,2016
4003,1,2012,2012
4003,1,2016,2016
4004,1,2019,2019
3990,1,2014,2015
4005,1,2019,ACTIVE
4009,1,2016,2016
4011,1,2013,2014
4020,1,2019,2019
4026,1,2013,2014
4026,1,2019,2019
4027,1,2018,2019
4028,1,2012,2013
3990,1,2018,2018
3986,1,2019,2019
3937,1,2017,2018
3950,1,2015,2016
3940,1,2012,2013
3940,1,2019,2019
3941,1,2016,2017
3941,1,2017,2018
3944,1,2013,2014
3944,1,2015,2016
3946,1,2015,2016
3947,1,2018,2018
3951,1,2012,2013
3985,1,2019,2019
3954,1,2017,2018
3958,1,2017,2018
3959,1,2017,2018
3965,1,2016,2017
3965,1,2018,2019
3970,1,2016,2016
3970,1,2018,2018
3981,1,2012,2013
4342,1,2017,2018
4342,1,2019,2019
4353,1,2012,2013
4356,1,2012,2013
4778,1,2014,2015
4779,1,2013,2013
4779,1,2014,2014
4779,1,2017,2017
4783,1,2019,2019
4796,1,2019,2019
4797,1,2013,2014
4799,1,2015,2016
4802,1,2018,2018
4811,1,2017,2017
4814,1,2013,2014
4814,1,2019,ACTIVE
4815,1,2015,2015
4818,1,2015,2015
4819,1,2014,2015
4821,1,2016,2016
4828,1,2013,2014
4835,1,2013,2013
4835,1,2016,2016
4776,1,2019,ACTIVE
4768,1,2019,ACTIVE
4768,1,2015,2015
4688,1,2018,2019
4635,1,2019,ACTIVE
4645,1,2018,2018
4653,1,2015,2016
4653,1,2019,ACTIVE
4678,1,2015,2016
4678,1,2017,2018
4680,1,2019,ACTIVE
4682,1,2018,2018
4698,1,2018,2019
4761,1,2019,ACTIVE
4723,1,2017,2018
4733,1,2018,2019
4738,1,2017,2018
4738,1,2019,ACTIVE
4740,1,2016,2017
4744,1,2016,2017
4761,1,2014,2014
4761,1,2017,2018
4841,1,2017,ACTIVE
4901,1,2014,2015
4903,1,2015,2016
5012,1,2019,2019
4967,1,2017,2018
4968,1,2017,2018
4976,1,2017,2017
4977,1,2015,ACTIVE
4988,1,2014,2015
4994,1,2018,2018
5000,1,2014,2015
5008,1,2016,ACTIVE
5013,1,2019,ACTIVE
4956,1,2019,ACTIVE
5016,1,2016,2016
5022,1,2019,2019
5024,1,2017,2018
5027,1,2015,2016
5030,1,2016,2016
5030,1,2018,2018
5030,1,2018,2019
5039,1,2016,2016
4967,1,2014,2014
4956,1,2014,2015
4903,1,2018,2019
4915,1,2017,2017
4906,1,2017,2018
4908,1,2015,2015
4908,1,2017,2017
4910,1,2016,2016
4911,1,2014,2014
4914,1,2014,2015
4915,1,2014,2015
4915,1,2016,2016
4917,1,2019,ACTIVE
4950,1,2014,2015
4918,1,2017,2018
4920,1,2016,2017
4926,1,2017,2017
4930,1,2015,2015
4935,1,2014,2014
4935,1,2016,2016
4941,1,2018,2018
4946,1,2017,2017
4633,1,2013,2014
4625,1,2016,2017
4613,1,2019,2019
4457,1,2014,ACTIVE
4409,1,2016,2017
4451,1,2015,2015
4451,1,2016,2016
4453,1,2018,2019
4454,1,2019,2019
4455,1,2016,2017
4456,1,2016,2017
4456,1,2018,2018
4458,1,2018,2018
4403,1,2017,2018
4460,1,2015,2015
4464,1,2014,2014
4466,1,2018,2019
4468,1,2016,2016
4469,1,2016,2017
4472,1,2017,2017
4472,1,2018,2019
4473,1,2014,2014
4405,1,2018,2018
4403,1,2016,2016
4476,1,2018,2018
4377,1,2016,2016
4356,1,2015,2016
4361,1,2014,2015
4362,1,2015,2015
4362,1,2018,2018
4362,1,2018,2019
4362,1,2019,2019
4372,1,2012,2013
4377,1,2013,2014
4381,1,2015,2015
4398,1,2017,2018
4384,1,2015,2015
4384,1,2016,2016
4384,1,2017,2018
4391,1,2014,2015
4391,1,2016,2016
4391,1,2019,ACTIVE
4392,1,2018,2019
4395,1,2015,2016
4476,1,2014,2014
4476,1,2019,ACTIVE
4613,1,2016,2016
4589,1,2013,2014
4564,1,2015,2015
4564,1,2018,2018
4575,1,2015,2016
4576,1,2013,2014
4579,1,2019,ACTIVE
4583,1,2014,2015
4586,1,2018,2019
4587,1,2018,2018
4590,1,2017,2018
4555,1,2018,ACTIVE
4590,1,2019,ACTIVE
4591,1,2013,2014
4592,1,2016,2016
4593,1,2015,2016
4595,1,2017,2018
4607,1,2013,2014
4610,1,2013,2014
4610,1,2018,2018
4559,1,2014,ACTIVE
4555,1,2014,2014
4481,1,2017,2018
4508,1,2016,2017
4481,1,2018,2019
4482,1,2015,2015
4486,1,2014,2015
4488,1,2017,2018
4488,1,2019,ACTIVE
4495,1,2016,2016
4500,1,2019,ACTIVE
4506,1,2017,2018
4519,1,2019,ACTIVE
4550,1,2016,2017
4522,1,2014,2015
4522,1,2015,2016
4522,1,2018,2018
4525,1,2019,ACTIVE
4534,1,2019,ACTIVE
4539,1,2017,2017
4541,1,2015,2016
4547,1,2014,2015
2197,1,2017,2018
1816,1,2019,ACTIVE
2194,1,2017,2017
343,1,2006,2006
337,1,2008,2008
337,1,2015,2015
339,1,2002,2003
340,1,2012,2013
340,1,2015,2015
341,1,2007,2008
341,1,2014,2014
342,1,2007,2008
343,1,2008,2008
306,1,2006,2007
343,1,2010,2011
343,1,2015,2016
346,1,2009,2010
346,1,2016,2016
349,1,2000,2000
354,1,2007,2008
357,1,2008,2008
357,1,2012,2013
337,1,2007,2007
334,1,2014,2015
333,1,2017,2017
331,1,2001,2002
311,1,2004,ACTIVE
313,1,2004,2005
314,1,2004,2005
314,1,2017,2018
316,1,2005,2006
319,1,2019,2019
322,1,2003,2003
322,1,2004,2004
326,1,2008,2009
329,1,2017,2018
330,1,2001,2001
330,1,2002,2003
330,1,2004,2004
330,1,2005,2006
330,1,2008,2009
330,1,2012,2013
330,1,2014,2014
358,1,2002,2003
358,1,2005,2005
358,1,2006,2007
368,1,2015,2015
369,1,2017,2017
375,1,2006,2007
378,1,2003,2004
378,1,2014,2015
378,1,2015,2016
379,1,2007,2007
379,1,2015,2016
381,1,2004,2005
381,1,2008,2008
383,1,2010,2011
383,1,2013,2014
384,1,2012,2013
386,1,2004,2005
386,1,2008,2009
386,1,2015,2015
386,1,2017,2017
386,1,2019,2019
368,1,2019,ACTIVE
368,1,2014,2014
358,1,2010,2011
368,1,2009,2010
358,1,2013,2014
360,1,2015,2016
364,1,2000,2001
364,1,2004,2005
364,1,2011,2012
364,1,2014,2015
365,1,2001,2002
365,1,2005,2006
365,1,2008,2009
365,1,2009,2010
365,1,2010,2011
365,1,2011,2012
365,1,2012,2013
365,1,2016,2016
365,1,2017,2018
368,1,2003,2005
368,1,2008,2008
308,1,2017,2018
306,1,2003,2003
233,1,2003,2004
246,1,2012,2013
244,1,2012,2013
244,1,2018,2018
245,1,2009,2009
245,1,2013,2013
245,1,2013,2014
245,1,2015,2016
245,1,2016,2017
245,1,2019,2019
246,1,2015,2015
303,1,2015,2016
247,1,2009,2009
247,1,2013,2013
250,1,2001,2002
250,1,2007,2008
254,1,2002,2003
254,1,2012,2012
256,1,2001,2002
260,1,2001,ACTIVE
240,1,2014,2015
240,1,2013,2013
239,1,1999,ACTIVE
238,1,2018,2019
233,1,2005,2006
233,1,2006,2007
233,1,2019,2019
234,1,2001,2002
234,1,2009,2009
234,1,2011,2011
234,1,2012,2012
234,1,2013,2014
234,1,2017,2017
234,1,2017,2018
234,1,2018,2019
236,1,2015,2015
236,1,2017,2017
237,1,2000,2001
237,1,2002,2002
237,1,2004,2004
238,1,2016,2016
263,1,2001,2002
263,1,2010,2011
263,1,2015,2015
288,1,2014,2014
291,1,2006,2007
291,1,2007,2008
292,1,2003,2004
292,1,2009,2010
293,1,2007,2008
293,1,2013,2013
293,1,2014,2015
294,1,2001,2002
294,1,2008,2008
294,1,2010,2010
294,1,2014,2015
295,1,2013,2013
296,1,2010,2011
301,1,2001,2001
301,1,2005,2005
302,1,2003,2004
303,1,2004,2004
288,1,2019,2019
287,1,2016,2017
263,1,2016,2017
287,1,2009,2010
263,1,2017,2018
269,1,2001,2002
269,1,2012,2013
271,1,2010,2011
271,1,2019,2019
272,1,2002,2003
272,1,2006,2006
272,1,2007,2007
272,1,2014,2014
274,1,2005,ACTIVE
277,1,2000,ACTIVE
279,1,2004,2004
279,1,2005,2006
281,1,2000,2001
281,1,2012,2012
281,1,2017,2018
284,1,2004,2005
394,1,2000,2001
395,1,2003,2003
395,1,2009,2010
598,1,2003,2004
573,1,2017,2017
578,1,2001,2002
581,1,2006,2007
585,1,2004,2005
587,1,2012,2012
587,1,2017,2017
597,1,2018,2018
597,1,2019,2019
604,1,2005,2006
395,1,2011,2011
604,1,2010,2011
604,1,2017,2018
606,1,2003,2003
610,1,2002,2003
610,1,2019,2019
611,1,2018,2019
612,1,2017,2018
614,1,2019,ACTIVE
573,1,2010,2010
573,1,2007,2007
571,1,2004,2008
569,1,2003,2004
538,1,2001,2002
539,1,2019,2019
540,1,2007,2008
540,1,2017,2017
541,1,2003,2004
545,1,2007,2008
547,1,2006,2007
547,1,2008,2009
548,1,2001,2002
548,1,2003,2003
548,1,2011,2011
548,1,2012,2012
555,1,2005,2005
555,1,2008,2009
555,1,2019,ACTIVE
558,1,2007,2008
558,1,2017,2018
619,1,2019,ACTIVE
620,1,2009,2009
620,1,2013,2013
694,1,2016,2016
694,1,2019,ACTIVE
696,1,2007,2008
696,1,2017,2017
698,1,2001,2002
702,1,2019,2019
703,1,2007,2008
704,1,2001,2002
704,1,2009,2010
708,1,2018,2018
713,1,2001,2002
714,1,2013,2014
716,1,2004,2005
716,1,2008,2009
743,1,2018,2019
744,1,2013,2013
744,1,2015,2016
744,1,2017,2018
694,1,2018,2019
694,1,2013,2013
623,1,2018,2019
694,1,2010,2010
624,1,2009,2009
624,1,2014,2014
624,1,2017,2017
634,1,2005,2006
636,1,2001,2002
639,1,2016,2017
639,1,2017,2018
643,1,2002,2002
647,1,2003,2004
647,1,2010,2011
649,1,2010,2011
650,1,2003,2004
663,1,2001,2002
663,1,2014,2015
668,1,2009,2010
692,1,2003,2003
694,1,2003,2003
537,1,2017,2017
537,1,2007,2007
537,1,2004,2004
435,1,2005,2006
435,1,2012,2012
435,1,2013,2014
437,1,2000,2001
446,1,2001,2002
447,1,2013,2013
449,1,2004,2006
449,1,2019,2019
451,1,2006,2007
453,1,2014,2014
456,1,2018,2019
457,1,2002,2003
457,1,2004,2005
457,1,2012,2013
457,1,2014,2014
459,1,2001,2002
460,1,2003,ACTIVE
462,1,2007,2007
435,1,2008,2009
435,1,2001,2002
467,1,2012,2013
423,1,2016,2016
395,1,2019,2019
398,1,2004,2005
399,1,2009,2010
399,1,2011,2012
399,1,2012,2013
399,1,2014,2014
399,1,2015,2016
399,1,2018,2018
401,1,2005,2006
401,1,2018,2018
409,1,2000,2001
415,1,2000,2001
418,1,2006,2007
418,1,2009,2009
421,1,2003,2004
422,1,2002,2003
422,1,2018,2018
467,1,2002,2002
469,1,2006,2007
533,1,2001,2002
499,1,2005,2006
501,1,2004,2005
501,1,2007,2007
501,1,2015,2016
503,1,2008,2009
503,1,2014,2014
514,1,2003,2004
515,1,2009,2010
519,1,2002,2003
522,1,2003,2003
522,1,2004,2005
522,1,2012,2012
525,1,2008,2009
525,1,2010,2010
525,1,2019,2019
527,1,2005,2006
527,1,2011,2011
527,1,2012,2013
501,1,2001,2001
498,1,2019,ACTIVE
469,1,2017,2017
498,1,2016,2016
469,1,2018,2019
476,1,2001,2002
486,1,2003,2004
486,1,2010,2011
488,1,2009,2010
488,1,2010,2011
488,1,2014,2014
492,1,2015,2015
492,1,2017,2017
494,1,2003,2004
494,1,2005,2005
494,1,2006,2006
494,1,2007,2008
494,1,2011,2012
494,1,2014,2014
494,1,2019,2019
496,1,2009,2011
233,1,2004,2005
231,1,2019,ACTIVE
747,1,2019,ACTIVE
70,1,2013,2013
68,1,2009,2009
68,1,2014,2014
68,1,2015,2016
68,1,2017,2018
69,1,2007,2008
70,1,2006,2007
70,1,2009,2009
70,1,2010,2010
70,1,2016,2016
60,1,2011,2012
71,1,1997,1998
71,1,2008,2009
71,1,2009,2010
71,1,2010,2011
71,1,2011,2012
71,1,2013,2014
74,1,2001,2002
74,1,2016,2017
68,1,2005,2006
68,1,2005,2005
67,1,2014,2014
67,1,2006,2006
61,1,2009,2009
63,1,2002,2002
63,1,2010,2011
64,1,2001,2001
64,1,2002,2003
64,1,2005,ACTIVE
65,1,2002,2002
66,1,2004,2004
66,1,2009,2010
66,1,2010,2011
66,1,2011,2012
66,1,2015,2016
67,1,1999,1999
67,1,2000,2000
67,1,2002,2002
67,1,2003,2003
67,1,2004,2004
75,1,1997,1998
75,1,1999,2000
75,1,2001,2002
88,1,2011,2012
88,1,2017,2017
89,1,1999,2000
93,1,2005,2006
93,1,2008,2009
93,1,2015,2015
93,1,2017,2017
94,1,2019,2019
95,1,2001,2002
95,1,2013,2014
95,1,2015,2015
95,1,2017,2017
95,1,2019,2019
100,1,1999,2000
100,1,2007,2008
100,1,2008,2009
100,1,2010,2010
102,1,2003,2004
88,1,2016,2016
88,1,2010,2011
75,1,2007,2008
88,1,2009,2010
75,1,2014,2014
75,1,2017,2018
78,1,2011,2012
78,1,2014,2015
78,1,2017,2018
79,1,2006,2006
79,1,2009,2010
84,1,2007,2008
84,1,2008,2009
85,1,1999,2000
85,1,2006,2006
85,1,2009,2009
85,1,2012,2012
85,1,2016,2016
85,1,2018,2019
86,1,2010,2011
86,1,2012,2013
61,1,2004,2006
60,1,2008,2008
231,1,2017,2018
28,1,2002,2003
25,1,2003,2004
25,1,2008,2008
25,1,2011,2012
25,1,2012,2013
27,1,2003,2003
27,1,2011,2012
27,1,2016,2016
27,1,2017,2017
33,1,2002,2003
60,1,2007,2007
33,1,2004,2004
33,1,2004,2005
33,1,2011,2011
33,1,2012,2012
33,1,2018,2018
34,1,2002,2002
39,1,2007,2007
40,1,2011,ACTIVE
25,1,2000,2001
22,1,2005,2005
21,1,2009,2010
20,1,2016,2017
4,1,2006,2006
4,1,2007,2007
7,1,2002,2003
8,1,2006,2007
11,1,2004,2005
11,1,2006,2007
11,1,2008,2009
11,1,2016,2016
15,1,1999,2000
16,1,1998,1999
16,1,2000,2000
16,1,2002,2003
16,1,2008,2009
16,1,2009,2010
19,1,1999,2000
20,1,2010,2011
20,1,2012,2013
41,1,2008,2009
41,1,2016,2017
45,1,2000,2001
53,1,2005,2008
56,1,2004,2004
56,1,2005,2006
56,1,2012,2012
56,1,2013,2013
56,1,2014,2014
56,1,2016,2017
56,1,2018,2018
56,1,2019,2019
57,1,2001,2001
57,1,2004,2005
57,1,2008,2009
58,1,2003,2004
58,1,2012,2013
58,1,2014,2014
60,1,2000,2001
60,1,2003,2004
60,1,2006,2006
55,1,2000,ACTIVE
51,1,2019,ACTIVE
45,1,2003,2004
51,1,2017,2018
45,1,2004,2005
45,1,2007,2007
45,1,2009,2009
45,1,2010,2011
45,1,2012,2013
47,1,2000,2000
47,1,2000,2001
47,1,2001,2001
47,1,2002,2003
47,1,2004,2004
48,1,2007,2007
48,1,2010,2011
48,1,2011,2011
49,1,2003,2003
51,1,2010,2011
51,1,2011,2012
51,1,2016,2017
102,1,2008,2009
102,1,2010,2011
102,1,2017,2017
191,1,2012,2013
188,1,2014,2015
188,1,2019,ACTIVE
190,1,2001,2002
190,1,2009,2009
190,1,2012,2012
190,1,2014,2014
191,1,2005,2006
191,1,2008,2008
191,1,2017,2018
103,1,2001,2002
192,1,2002,2002
192,1,2012,2012
192,1,2013,2013
192,1,2017,2017
193,1,2014,2015
195,1,2007,2008
195,1,2012,2013
195,1,2013,2014
188,1,2009,2009
188,1,2003,2004
186,1,2002,2003
182,1,2001,2002
176,1,2019,ACTIVE
177,1,2001,2001
177,1,2004,2008
177,1,2016,2016
177,1,2018,2019
179,1,2009,2010
179,1,2011,2012
179,1,2014,2015
179,1,2016,2016
179,1,2019,ACTIVE
180,1,2002,2003
180,1,2006,2006
180,1,2011,2012
180,1,2012,2013
180,1,2018,2019
180,1,2019,ACTIVE
181,1,2017,2017
195,1,2014,2015
201,1,2000,2000
201,1,2002,2002
225,1,2013,2013
225,1,2019,ACTIVE
226,1,2003,2004
228,1,2010,2010
228,1,2016,2017
229,1,2004,2005
229,1,2006,2006
229,1,2007,2008
229,1,2011,2012
229,1,2014,2014
230,1,2004,2005
230,1,2010,2010
230,1,2014,2014
230,1,2018,2018
230,1,2019,2019
230,1,2019,ACTIVE
231,1,2012,2012
231,1,2016,2016
225,1,2014,2014
224,1,2013,2013
201,1,2011,2011
224,1,2002,2003
201,1,2017,2018
203,1,2007,2008
204,1,2003,2004
204,1,2015,2015
207,1,2009,2009
209,1,2000,2001
212,1,2003,ACTIVE
213,1,2015,2016
215,1,2001,2002
216,1,2009,2010
217,1,2018,2019
217,1,2019,ACTIVE
222,1,2009,2009
222,1,2012,2013
222,1,2013,2014
222,1,2019,2019
223,1,2016,2017
176,1,2018,2018
176,1,2011,2011
176,1,2010,2010
118,1,2007,2008
118,1,2017,2017
121,1,1997,1998
121,1,1999,2000
121,1,2002,2003
121,1,2018,2018
122,1,2000,2000
122,1,2016,2016
122,1,2018,2019
125,1,2012,2012
125,1,2013,2013
125,1,2018,2019
126,1,1999,2000
126,1,2001,2002
126,1,2009,2010
126,1,2013,2014
128,1,2005,2006
128,1,2013,2013
118,1,2010,2011
117,1,2010,2011
131,1,2012,2012
115,1,2017,2017
103,1,2002,2003
103,1,2005,2005
103,1,2006,2006
103,1,2007,2007
103,1,2008,2008
107,1,2002,2002
107,1,2005,2006
107,1,2016,2017
108,1,2003,2003
108,1,2011,2012
108,1,2014,2014
108,1,2015,2016
111,1,2000,2001
111,1,2001,2002
112,1,2001,2002
114,1,2017,2017
115,1,2003,2004
131,1,2000,2001
133,1,2001,2002
176,1,2004,2004
155,1,2016,2016
157,1,2002,2002
157,1,2003,2004
165,1,2001,2002
168,1,2003,2004
171,1,2003,2004
171,1,2008,2009
171,1,2010,2010
173,1,2002,2002
173,1,2015,2015
173,1,2017,2018
174,1,2006,2007
174,1,2008,2008
175,1,1998,1999
175,1,2000,2000
175,1,2003,2003
175,1,2011,2011
175,1,2016,2016
156,1,2017,2018
155,1,2014,2015
133,1,2006,2007
155,1,2011,2011
133,1,2015,2016
133,1,2016,2017
133,1,2019,ACTIVE
134,1,2000,2001
134,1,2003,2004
134,1,2008,2008
138,1,2014,2014
141,1,2004,2005
141,1,2011,2011
141,1,2012,2012
141,1,2017,2017
141,1,2018,2018
144,1,2015,2015
148,1,2001,2002
148,1,2008,2008
148,1,2009,2009
148,1,2018,2018
746,1,2016,2017
751,1,2011,2012
2194,1,2009,2010
1684,1,2019,ACTIVE
1677,1,2012,2012
1678,1,2013,2013
1680,1,2008,2008
1683,1,2007,2008
1683,1,2010,2011
1683,1,2014,2015
1684,1,2015,2016
1684,1,2018,2019
1690,1,2005,2006
1636,1,2007,ACTIVE
1690,1,2008,2009
1696,1,2010,2011
1699,1,2011,2011
1699,1,2014,2014
1701,1,2016,2017
1706,1,2009,2010
1706,1,2017,2017
1708,1,2005,2006
1676,1,2019,2019
1676,1,2016,2017
1676,1,2013,2014
1675,1,2017,2018
1640,1,2016,2017
1640,1,2018,2018
1642,1,2012,2013
1646,1,2013,2014
1648,1,2015,2015
1648,1,2017,2017
1649,1,2006,2007
1649,1,2009,2010
1658,1,2015,2016
1662,1,2006,2007
1662,1,2008,2009
1662,1,2012,2012
1662,1,2014,2015
1662,1,2016,2017
1671,1,2019,ACTIVE
1675,1,2009,2009
1675,1,2016,2016
1708,1,2013,2014
1710,1,2007,2008
1710,1,2015,2016
1730,1,2011,2011
1730,1,2019,ACTIVE
1731,1,2014,2015
1731,1,2017,2017
1735,1,2015,2016
1736,1,2016,2017
1736,1,2018,2019
1741,1,2019,ACTIVE
1742,1,2009,2009
1743,1,2006,2007
1743,1,2009,2010
1744,1,2017,2018
1745,1,2007,2008
1746,1,2018,2018
1746,1,2019,ACTIVE
1747,1,2009,2009
1747,1,2013,2013
1747,1,2016,2016
1730,1,2015,2016
1730,1,2007,2008
1711,1,2015,2016
1727,1,2018,2019
1713,1,2007,2008
1714,1,2009,2010
1714,1,2010,2011
1714,1,2012,2012
1717,1,2009,2010
1717,1,2010,2011
1717,1,2015,ACTIVE
1718,1,2014,2015
1718,1,2016,2017
1720,1,2016,2016
1723,1,2014,2014
1723,1,2015,2015
1723,1,2018,2019
1726,1,2006,2007
1726,1,2009,2010
1726,1,2013,2014
1727,1,2010,2010
1640,1,2015,2016
1635,1,2012,2013
1502,1,2014,2014
1540,1,2008,2008
1519,1,2017,2018
1522,1,2008,2009
1522,1,2011,2012
1527,1,2005,2006
1533,1,2016,2017
1538,1,2011,2012
1538,1,2013,2014
1539,1,2007,2007
1540,1,2010,2011
1629,1,2018,2019
1540,1,2012,2013
1540,1,2016,2017
1541,1,2013,2014
1547,1,2010,2011
1547,1,2011,2012
1547,1,2015,2015
1551,1,2010,2011
1555,1,2007,2008
1519,1,2013,2014
1519,1,2012,2013
1519,1,2011,2011
1519,1,2010,2010
1506,1,2006,2006
1506,1,2017,2018
1506,1,2018,2019
1507,1,2009,2009
1507,1,2014,2015
1507,1,2018,2018
1510,1,2011,2011
1511,1,2005,2006
1511,1,2013,2014
1511,1,2017,2018
1512,1,2016,2017
1515,1,2010,2010
1515,1,2015,2015
1516,1,2007,2008
1517,1,2010,2011
1517,1,2018,2018
1518,1,2011,2012
1559,1,2011,2012
1559,1,2013,2013
1559,1,2016,2016
1595,1,2015,2015
1598,1,2006,2007
1599,1,2019,ACTIVE
1610,1,2006,2007
1610,1,2015,2015
1610,1,2019,ACTIVE
1612,1,2010,2011
1619,1,2016,2017
1622,1,2009,2010
1625,1,2005,2006
1625,1,2006,2007
1625,1,2017,2017
1625,1,2018,2019
1626,1,2011,2012
1626,1,2014,2014
1626,1,2016,2016
1629,1,2006,2007
1629,1,2016,2017
1596,1,2019,2019
1595,1,2005,2006
1561,1,2009,2009
1592,1,2015,2016
1566,1,2019,ACTIVE
1567,1,2006,2007
1568,1,2006,2007
1569,1,2009,2010
1571,1,2018,2019
1572,1,2015,2015
1573,1,2005,2006
1574,1,2011,2012
1574,1,2019,2019
1576,1,2008,2009
1577,1,2013,2014
1577,1,2017,2017
1580,1,2018,2019
1583,1,2007,2008
1584,1,2010,2011
1592,1,2008,2009
1592,1,2014,2014
1747,1,2016,2017
1747,1,2019,2019
1756,1,2006,2007
2059,1,2015,2016
2048,1,2008,2009
2048,1,2016,2017
2053,1,2008,2009
2054,1,2010,2011
2054,1,2015,2016
2054,1,2017,2017
2054,1,2019,ACTIVE
2059,1,2012,2012
2059,1,2019,ACTIVE
1756,1,2012,2013
2062,1,2008,2009
2062,1,2010,2011
2062,1,2013,2013
2062,1,2017,2018
2064,1,2015,2016
2067,1,2012,2012
2073,1,2017,2017
2075,1,2018,2018
2046,1,2018,2019
2046,1,2016,2016
2046,1,2014,2014
2046,1,2008,2009
1987,1,2019,ACTIVE
1989,1,2008,2009
1991,1,2014,2014
1991,1,2017,2017
1997,1,2007,2008
2002,1,2014,2015
2004,1,2009,2010
2013,1,2014,2015
2013,1,2015,2015
2013,1,2016,2017
2016,1,2008,2009
2022,1,2012,2012
2028,1,2018,2019
2036,1,2010,2011
2039,1,2009,2010
2040,1,2011,2012
2041,1,2008,2009
2075,1,2019,2019
2080,1,2019,2019
2081,1,2011,2012
2147,1,2019,ACTIVE
2165,1,2008,2009
2166,1,2008,2009
2168,1,2013,2013
2168,1,2015,2015
2169,1,2007,2008
2169,1,2012,2012
2171,1,2008,2009
2171,1,2010,2011
2173,1,2009,2010
2175,1,2016,2017
2175,1,2018,2018
2177,1,2011,2012
2177,1,2014,2015
2180,1,2018,2018
2187,1,2013,2014
2191,1,2019,2019
2194,1,2007,2008
2149,1,2016,2017
2147,1,2018,2018
2093,1,2015,2015
2147,1,2016,2016
2095,1,2019,ACTIVE
2102,1,2012,2013
2102,1,2016,2016
2102,1,2017,2017
2108,1,2007,2008
2122,1,2008,2009
2122,1,2010,2010
2122,1,2011,2012
2122,1,2012,2013
2122,1,2014,2014
2122,1,2019,ACTIVE
2130,1,2010,2011
2130,1,2015,2016
2135,1,2014,2014
2135,1,2017,2017
2137,1,2017,2018
2137,1,2019,ACTIVE
1987,1,2017,2017
1987,1,2010,2011
1986,1,2018,2018
1796,1,2012,2013
1796,1,2015,2015
1801,1,2011,2012
1801,1,2013,2013
1802,1,2008,2009
1806,1,2015,2016
1806,1,2018,2019
1807,1,2009,2010
1807,1,2019,ACTIVE
1810,1,2006,2007
1816,1,2006,2007
1,1,2011,2011
1817,1,2010,2010
1817,1,2014,2014
1817,1,2017,2017
1824,1,2007,2008
1831,1,2012,2013
1831,1,2016,2016
1796,1,2013,2014
1796,1,2009,2010
1848,1,2007,2008
1795,1,2019,ACTIVE
1756,1,2015,2015
1756,1,2018,2018
1756,1,2019,2019
1758,1,2008,2009
1768,1,2010,2011
1768,1,2016,2016
1768,1,2016,2017
1771,1,2017,2017
1771,1,2018,2018
1772,1,2013,2013
1772,1,2017,2017
1775,1,2007,2008
1775,1,2016,2016
1781,1,2019,ACTIVE
1785,1,2015,2016
1785,1,2019,2019
1793,1,2017,2017
1836,1,2013,2014
1850,1,2007,2008
1986,1,2017,2018
1923,1,2011,2012
1923,1,2017,2018
1927,1,2011,2012
1937,1,2012,2013
1937,1,2019,ACTIVE
1939,1,2019,ACTIVE
1942,1,2018,2019
1950,1,2007,ACTIVE
1955,1,2006,2007
1967,1,2013,2014
1977,1,2006,2007
1982,1,2018,2018
1983,1,2007,2008
1984,1,2011,2012
1985,1,2011,2012
1985,1,2012,2013
1985,1,2013,2014
1986,1,2010,2011
1923,1,2017,2017
1923,1,2009,2009
1860,1,2007,2008
1922,1,2019,ACTIVE
1868,1,2011,2011
1868,1,2019,2019
1880,1,2006,2007
1884,1,2017,2018
1885,1,2019,2019
1887,1,2006,2006
1893,1,2009,2010
1897,1,2006,2007
1899,1,2011,2012
1902,1,2009,2010
1902,1,2010,2011
1902,1,2013,2014
1912,1,2007,2008
1918,1,2013,2013
1918,1,2014,2015
1918,1,2019,ACTIVE
1922,1,2010,2011
1503,1,2013,2013
1501,1,2019,2019
752,1,2017,2019
968,1,2011,2012
957,1,2004,2005
967,1,2004,2005
967,1,2011,2012
967,1,2013,2014
967,1,2019,2019
968,1,2003,2003
968,1,2006,2007
968,1,2008,2008
968,1,2013,2014
912,1,2003,2004
971,1,2004,2005
971,1,2016,2016
971,1,2017,2017
971,1,2018,2018
972,1,2018,2018
973,1,2009,2009
973,1,2013,2013
973,1,2014,2014
956,1,2012,2013
955,1,2015,2016
955,1,2013,2014
955,1,2004,2005
931,1,2009,2009
931,1,2010,2010
932,1,2011,2012
932,1,2015,2016
932,1,2017,2018
932,1,2018,2019
935,1,2010,2011
935,1,2011,2012
935,1,2012,2013
935,1,2017,2017
935,1,2019,ACTIVE
938,1,2004,2005
939,1,2005,2006
945,1,2004,2004
948,1,2013,2014
948,1,2019,2019
949,1,2008,2009
973,1,2015,2016
973,1,2016,2017
977,1,2004,2005
1023,1,2010,2010
1023,1,2018,2018
1023,1,2019,2019
1024,1,2004,2005
1024,1,2005,2006
1024,1,2009,2010
1024,1,2018,2018
1025,1,2015,2015
1025,1,2019,ACTIVE
1030,1,2004,2004
1031,1,2004,2004
1038,1,2006,2006
1038,1,2009,2010
1046,1,2003,2004
1051,1,2005,2006
1057,1,2004,2005
1057,1,2006,2008
1058,1,2010,2010
1023,1,2016,2017
1018,1,2017,2017
980,1,2004,2005
1015,1,2007,2008
980,1,2005,2005
980,1,2008,2009
982,1,2004,ACTIVE
987,1,2005,2006
987,1,2006,2007
987,1,2008,2009
987,1,2009,2010
987,1,2014,2015
997,1,2010,2011
999,1,2014,2014
1002,1,2004,2005
1006,1,2006,2006
1011,1,2016,2017
1011,1,2017,2018
1013,1,2007,2008
1013,1,2008,2009
1013,1,2009,2010
930,1,2004,2005
910,1,2019,ACTIVE
1501,1,2018,2019
829,1,2015,2015
801,1,2005,2005
810,1,2018,2019
812,1,2018,2019
815,1,2014,2015
816,1,2012,2013
818,1,2009,2010
818,1,2017,2018
829,1,2007,2007
830,1,2008,2008
910,1,2013,2013
830,1,2015,2015
832,1,2007,2008
832,1,2009,2010
832,1,2017,2017
832,1,2019,ACTIVE
833,1,2002,2003
834,1,2017,2017
834,1,2018,2019
782,1,2003,2004
781,1,2019,2019
781,1,2016,2017
781,1,2012,2013
753,1,2004,2005
753,1,2006,2006
753,1,2013,2014
755,1,2003,ACTIVE
759,1,2004,2005
766,1,2005,2005
766,1,2006,2006
766,1,2011,2011
766,1,2012,2013
766,1,2014,2014
768,1,2009,2010
771,1,2007,2007
771,1,2019,2019
772,1,2012,2012
772,1,2018,2019
781,1,2002,2003
781,1,2011,2011
834,1,2019,ACTIVE
835,1,2007,2008
836,1,2014,2015
868,1,2010,2011
869,1,2002,2003
869,1,2014,2014
870,1,2003,2004
870,1,2012,2013
876,1,2008,2008
876,1,2011,2012
876,1,2016,2017
884,1,2014,2015
885,1,2019,2019
888,1,2002,2003
894,1,2017,2018
900,1,2014,2015
900,1,2015,2016
903,1,2007,2007
904,1,2007,2007
904,1,2017,2017
910,1,2010,2010
868,1,2019,ACTIVE
868,1,2009,2010
836,1,2019,2019
865,1,2014,2015
839,1,2016,2016
840,1,2013,2013
842,1,2016,2017
842,1,2019,ACTIVE
843,1,2007,2007
846,1,2014,2014
846,1,2018,2018
847,1,2015,2016
852,1,2006,2007
852,1,2009,2009
854,1,2019,ACTIVE
858,1,2009,2009
858,1,2011,2012
859,1,2002,2003
862,1,2014,2015
865,1,2002,2003
865,1,2006,2008
1065,1,2016,2017
1071,1,2005,2007
1071,1,2017,2018
1382,1,2007,2008
1325,1,2013,2013
1325,1,2018,2018
1334,1,2013,2014
1369,1,2004,2005
1369,1,2007,2007
1369,1,2016,2016
1369,1,2018,2019
1370,1,2012,2012
1386,1,2008,2009
1072,1,2005,2005
1389,1,2017,2018
1391,1,2016,2017
1398,1,2010,2011
1403,1,2015,2016
1403,1,2019,2019
1405,1,2004,2005
1405,1,2013,2014
1405,1,2016,2017
1324,1,2005,2005
1323,1,2017,2017
1323,1,2015,2015
1322,1,2017,2018
1287,1,2014,2015
1289,1,2018,2019
1294,1,2019,ACTIVE
1296,1,2008,2009
1296,1,2015,2015
1307,1,2015,2015
1307,1,2019,ACTIVE
1310,1,2014,2014
1310,1,2015,2016
1310,1,2016,2017
1311,1,2012,2013
1317,1,2019,ACTIVE
1318,1,2009,2009
1318,1,2018,2018
1319,1,2006,2006
1319,1,2015,2015
1319,1,2017,2017
1410,1,2018,2018
1410,1,2019,ACTIVE
1414,1,2006,2007
1468,1,2019,2019
1477,1,2013,2014
1477,1,2017,2017
1477,1,2018,2018
1481,1,2017,2018
1481,1,2019,ACTIVE
1482,1,2011,2012
1482,1,2017,2018
1492,1,2005,2006
1493,1,2018,2019
1495,1,2013,2014
1495,1,2014,2015
1495,1,2017,2017
1495,1,2019,ACTIVE
1501,1,2012,2013
1501,1,2014,2014
1501,1,2015,2015
1501,1,2017,2018
1474,1,2008,2009
1466,1,2010,2011
1414,1,2019,ACTIVE
1466,1,2005,2006
1418,1,2008,2009
1418,1,2010,2011
1418,1,2019,ACTIVE
1421,1,2006,2007
1421,1,2013,2014
1421,1,2018,2019
1421,1,2019,ACTIVE
1425,1,2007,2008
1425,1,2009,2010
1425,1,2012,2013
1425,1,2013,2014
1429,1,2008,2009
1444,1,2005,2006
1444,1,2007,2008
1450,1,2007,2008
1452,1,2010,2013
1458,1,2007,2008
1285,1,2019,ACTIVE
1285,1,2017,2017
1285,1,2014,2014
1124,1,2010,2011
1126,1,2014,2014
1126,1,2016,2016
1127,1,2007,2008
1138,1,2006,2007
1138,1,2013,2013
1138,1,2014,2015
1140,1,2003,2004
1143,1,2015,2015
1147,1,2003,2004
1155,1,2009,2010
1156,1,2008,2009
1156,1,2014,2014
1156,1,2016,2017
1158,1,2006,2007
1168,1,2018,2019
1180,1,2003,2004
1184,1,2006,2007
1126,1,2008,2009
1124,1,2008,2009
1188,1,2019,ACTIVE
1123,1,2018,2019
1073,1,2010,2010
1073,1,2017,2018
1075,1,2013,2013
1076,1,2019,ACTIVE
1087,1,2007,2008
1088,1,2003,2004
1091,1,2019,2019
1094,1,2019,ACTIVE
1099,1,2009,2010
1099,1,2011,2012
1100,1,2015,2016
1102,1,2018,2019
1108,1,2003,2004
1108,1,2014,2015
1111,1,2017,2018
1112,1,2004,2005
1114,1,2004,2004
1188,1,2010,2011
1189,1,2018,2019
1281,1,2006,2006
1243,1,2004,2005
1243,1,2017,2017
1249,1,2005,2005
1251,1,2008,2008
1251,1,2010,2011
1251,1,2013,2014
1251,1,2019,2019
1257,1,2014,2014
1257,1,2016,2016
1259,1,2019,ACTIVE
1261,1,2010,2011
1261,1,2012,2013
1261,1,2014,2014
1266,1,2014,2014
1270,1,2007,2007
1272,1,2006,2006
1280,1,2007,2007
1280,1,2008,2008
1243,1,2010,2011
1241,1,2019,ACTIVE
1195,1,2009,2010
1241,1,2018,2019
1197,1,2011,2011
1197,1,2016,2016
1208,1,2009,2009
1208,1,2010,2011
1208,1,2013,2013
1208,1,2016,2017
1212,1,2004,2005
1212,1,2012,2013
1216,1,2007,2008
1218,1,2003,2004
1218,1,2009,2010
1219,1,2012,2012
1225,1,2015,2016
1228,1,2015,2015
1230,1,2005,2006
1241,1,2005,2005
1241,1,2018,2018
7890,1,2019,ACTIVE
